-- phpMyAdmin SQL Dump
-- version 5.0.1
-- https://www.phpmyadmin.net/
--
-- Servidor: 127.0.0.1
-- Tiempo de generación: 02-05-2020 a las 17:35:11
-- Versión del servidor: 10.4.8-MariaDB
-- Versión de PHP: 7.2.23

SET SQL_MODE = "NO_AUTO_VALUE_ON_ZERO";
SET AUTOCOMMIT = 0;
START TRANSACTION;
SET time_zone = "+00:00";


/*!40101 SET @OLD_CHARACTER_SET_CLIENT=@@CHARACTER_SET_CLIENT */;
/*!40101 SET @OLD_CHARACTER_SET_RESULTS=@@CHARACTER_SET_RESULTS */;
/*!40101 SET @OLD_COLLATION_CONNECTION=@@COLLATION_CONNECTION */;
/*!40101 SET NAMES utf8mb4 */;

--
-- Base de datos: `byhiper`
--

-- --------------------------------------------------------

--
-- Estructura de tabla para la tabla `area`
--

CREATE TABLE `area` (
  `id` bigint(20) UNSIGNED NOT NULL,
  `cod_area` varchar(255) COLLATE utf8mb4_unicode_ci DEFAULT NULL,
  `description` varchar(255) COLLATE utf8mb4_unicode_ci DEFAULT NULL,
  `capacity` varchar(255) COLLATE utf8mb4_unicode_ci DEFAULT NULL,
  `created_at` timestamp NULL DEFAULT NULL,
  `updated_at` timestamp NULL DEFAULT NULL,
  `area_type` varchar(255) COLLATE utf8mb4_unicode_ci DEFAULT NULL
) ENGINE=InnoDB DEFAULT CHARSET=utf8mb4 COLLATE=utf8mb4_unicode_ci;

--
-- Volcado de datos para la tabla `area`
--

INSERT INTO `area` (`id`, `cod_area`, `description`, `capacity`, `created_at`, `updated_at`, `area_type`) VALUES
(1, 'area-01', 'Hyper', '12', '2020-03-12 21:31:05', '2020-03-12 21:31:05', 'Fuerza'),
(2, 'area-02', 'Factory', '24', '2020-03-12 21:31:17', '2020-03-12 21:31:17', 'Cardio');

-- --------------------------------------------------------

--
-- Estructura de tabla para la tabla `facturing`
--

CREATE TABLE `facturing` (
  `id` bigint(20) UNSIGNED NOT NULL,
  `kushki_id` varchar(255) COLLATE utf8mb4_unicode_ci DEFAULT NULL,
  `plan_name` varchar(255) COLLATE utf8mb4_unicode_ci DEFAULT NULL,
  `price` varchar(255) COLLATE utf8mb4_unicode_ci DEFAULT NULL,
  `start` date DEFAULT NULL,
  `end` date DEFAULT NULL,
  `user_id` bigint(20) UNSIGNED DEFAULT NULL,
  `created_at` timestamp NULL DEFAULT NULL,
  `updated_at` timestamp NULL DEFAULT NULL
) ENGINE=InnoDB DEFAULT CHARSET=utf8mb4 COLLATE=utf8mb4_unicode_ci;

--
-- Volcado de datos para la tabla `facturing`
--

INSERT INTO `facturing` (`id`, `kushki_id`, `plan_name`, `price`, `start`, `end`, `user_id`, `created_at`, `updated_at`) VALUES
(1, '1584969859552000', 'Plan Cuatro', '75000', '2020-03-24', '2020-04-29', 10, NULL, NULL),
(2, '1585662070291000', 'hyper 8', '140555', '2020-03-31', '2020-04-30', 3, '2020-03-31 18:10:51', '2020-03-31 18:10:51'),
(3, '1584969859552000', 'plan 4', '75000', '2020-03-23', '2020-05-01', 10, '2020-04-01 19:24:48', '2020-04-01 19:24:48'),
(4, '1585754691975000', 'plan 4', '75000', '2020-04-01', '2020-05-01', 3, '2020-04-01 19:54:30', '2020-04-01 19:54:30'),
(5, '1585754691975000', 'plan 4', '75000', '2020-04-01', '2020-05-01', 3, '2020-04-01 19:57:13', '2020-04-01 19:57:13'),
(6, '1585755665158000', 'Hyper 1', '2000', '2020-04-01', '2020-05-01', 3, '2020-04-01 20:10:39', '2020-04-01 20:10:39'),
(7, '1585755813588000', 'hyper 8', '140555', '2020-04-01', '2020-05-01', 3, '2020-04-01 20:13:06', '2020-04-01 20:13:06'),
(8, '1585755813588000', 'hyper 8', '140555', '2020-04-01', '2020-05-01', 3, '2020-04-01 20:18:36', '2020-04-01 20:18:36'),
(9, '1585755813588000', 'hyper 8', '140555', '2020-04-01', '2020-05-01', 3, '2020-04-01 20:35:21', '2020-04-01 20:35:21'),
(10, '1585759861337000', 'plan infinito', '200000', '2020-04-01', '2020-05-01', 3, '2020-04-01 21:20:40', '2020-04-01 21:20:40'),
(11, '1585760679292000', 'plan infinito', '200000', '2020-04-01', '2020-05-01', 3, '2020-04-01 21:34:17', '2020-04-01 21:34:17'),
(12, '1585760911265000', 'plan infinito', '200000', '2020-04-01', '2020-05-01', 3, '2020-04-01 21:38:03', '2020-04-01 21:38:03'),
(13, '1585921439885000', 'plan 4', '75000', '2020-04-03', '2020-05-03', 3, '2020-04-03 18:13:39', '2020-04-03 18:13:39'),
(14, 'Taquilla', 'hyper 8', '140555', '2020-04-03', '2020-05-03', 6, '2020-04-03 20:12:56', '2020-04-03 20:12:56'),
(15, 'Taquilla', 'hyper 8', '140555', '2020-04-03', '2020-05-03', 6, '2020-04-03 20:28:50', '2020-04-03 20:28:50'),
(16, '1585947265324000', 'plan 4', '75000', '2020-04-03', '2020-05-03', 3, '2020-04-04 01:24:09', '2020-04-04 01:24:09'),
(17, '1585947265324000', 'plan 4', '75000', '2020-04-03', '2020-05-03', 3, '2020-04-04 01:25:12', '2020-04-04 01:25:12'),
(18, 'Taquilla', 'plan infinito', '200000', '2020-04-03', '2020-05-03', 3, '2020-04-04 01:28:00', '2020-04-04 01:28:00'),
(19, 'Taquilla', 'hyper 8', '140555', '2020-04-05', '2020-05-05', 3, '2020-04-05 18:23:37', '2020-04-05 18:23:37');

-- --------------------------------------------------------

--
-- Estructura de tabla para la tabla `failed_jobs`
--

CREATE TABLE `failed_jobs` (
  `id` bigint(20) UNSIGNED NOT NULL,
  `connection` text COLLATE utf8mb4_unicode_ci NOT NULL,
  `queue` text COLLATE utf8mb4_unicode_ci NOT NULL,
  `payload` longtext COLLATE utf8mb4_unicode_ci NOT NULL,
  `exception` longtext COLLATE utf8mb4_unicode_ci NOT NULL,
  `failed_at` timestamp NOT NULL DEFAULT current_timestamp()
) ENGINE=InnoDB DEFAULT CHARSET=utf8mb4 COLLATE=utf8mb4_unicode_ci;

-- --------------------------------------------------------

--
-- Estructura de tabla para la tabla `lessons`
--

CREATE TABLE `lessons` (
  `id` bigint(20) UNSIGNED NOT NULL,
  `area_id` bigint(20) UNSIGNED DEFAULT NULL,
  `user_id` bigint(20) UNSIGNED DEFAULT NULL,
  `hour` time DEFAULT NULL,
  `capacity` varchar(255) COLLATE utf8mb4_unicode_ci DEFAULT NULL,
  `description` varchar(255) COLLATE utf8mb4_unicode_ci DEFAULT NULL,
  `created_at` timestamp NULL DEFAULT NULL,
  `updated_at` timestamp NULL DEFAULT NULL,
  `date` varchar(255) COLLATE utf8mb4_unicode_ci DEFAULT NULL,
  `month` varchar(255) COLLATE utf8mb4_unicode_ci DEFAULT NULL
) ENGINE=InnoDB DEFAULT CHARSET=utf8mb4 COLLATE=utf8mb4_unicode_ci;

--
-- Volcado de datos para la tabla `lessons`
--

INSERT INTO `lessons` (`id`, `area_id`, `user_id`, `hour`, `capacity`, `description`, `created_at`, `updated_at`, `date`, `month`) VALUES
(1, 1, 4, '22:00:00', '12', 'aaa', '2020-03-12 21:31:42', '2020-03-12 21:32:17', '2020-03-12', '03'),
(2, 2, 4, '04:00:00', '24', 'asdasd', '2020-03-12 21:33:14', '2020-03-12 21:33:14', '2020-03-13', '03'),
(3, 1, 4, '08:00:00', '12', 'asdadsasd', '2020-03-13 19:16:46', '2020-03-13 19:16:46', '2020-03-16', '03'),
(4, 2, 4, '08:00:00', '24', 'Super sesion de cardio', '2020-03-14 17:10:07', '2020-03-14 17:10:07', '2020-03-17', '03'),
(5, 1, 4, '16:00:00', '12', 'aaaa', '2020-03-14 17:22:43', '2020-03-14 17:22:43', '2020-03-17', '03'),
(6, 2, 4, '08:00:00', '24', 'asd', '2020-03-14 17:34:45', '2020-03-14 17:34:45', '2020-03-27', '03'),
(7, 2, 4, '08:00:00', '24', 'asd', '2020-03-14 17:35:31', '2020-03-14 17:35:31', '2020-03-20', '03'),
(8, 2, 4, '08:00:00', '24', 'asdf', '2020-03-24 22:48:54', '2020-03-24 22:48:54', '2020-03-26', '03'),
(9, 2, 4, '08:00:00', '24', '12345', '2020-03-24 22:49:23', '2020-03-24 22:49:23', '2020-03-30', '03'),
(10, 2, 4, '10:00:00', '24', 'locochona', '2020-03-24 22:54:56', '2020-03-24 22:54:56', '2020-03-31', '03'),
(11, 2, 4, '10:00:00', '24', 'locochona', '2020-03-24 22:55:26', '2020-03-24 22:55:26', '2020-03-26', '03'),
(12, 1, 11, '08:00:00', '12', 'asdasd', '2020-04-01 19:41:22', '2020-04-01 19:41:22', '2020-04-02', '04'),
(13, 1, 11, '14:00:00', '12', 'aaddff', '2020-04-01 20:16:38', '2020-04-01 20:16:38', '2020-04-03', '04'),
(14, 1, 4, '16:00:00', '12', 'aallee', '2020-04-03 20:35:45', '2020-04-03 20:35:45', '2020-04-03', '04'),
(15, 1, 4, '16:00:00', '12', 'aallee', '2020-04-03 20:36:04', '2020-04-03 20:36:04', '2020-04-04', '04'),
(16, 1, 4, '08:00:00', '12', 'test', '2020-04-13 18:05:15', '2020-04-13 18:05:15', '2020-04-14', '04');

-- --------------------------------------------------------

--
-- Estructura de tabla para la tabla `lesson_cupe`
--

CREATE TABLE `lesson_cupe` (
  `id` bigint(20) UNSIGNED NOT NULL,
  `is_available` tinyint(1) DEFAULT 1,
  `lesson_id` bigint(20) UNSIGNED DEFAULT NULL,
  `user_id` bigint(20) UNSIGNED DEFAULT NULL,
  `created_at` timestamp NULL DEFAULT NULL,
  `updated_at` timestamp NULL DEFAULT NULL,
  `number` int(11) DEFAULT NULL
) ENGINE=InnoDB DEFAULT CHARSET=utf8mb4 COLLATE=utf8mb4_unicode_ci;

--
-- Volcado de datos para la tabla `lesson_cupe`
--

INSERT INTO `lesson_cupe` (`id`, `is_available`, `lesson_id`, `user_id`, `created_at`, `updated_at`, `number`) VALUES
(1, 1, 1, NULL, '2020-03-12 21:31:42', '2020-03-12 21:31:42', 1),
(2, 1, 1, NULL, '2020-03-12 21:31:43', '2020-03-12 21:31:43', 2),
(3, 1, 1, NULL, '2020-03-12 21:31:43', '2020-03-12 21:31:43', 3),
(4, 1, 1, NULL, '2020-03-12 21:31:43', '2020-03-12 21:31:43', 4),
(5, 1, 1, NULL, '2020-03-12 21:31:43', '2020-03-12 21:31:43', 5),
(6, 1, 1, NULL, '2020-03-12 21:31:43', '2020-03-12 21:31:43', 6),
(7, 1, 1, NULL, '2020-03-12 21:31:43', '2020-03-12 21:31:43', 7),
(8, 1, 1, NULL, '2020-03-12 21:31:43', '2020-03-12 21:31:43', 8),
(9, 1, 1, NULL, '2020-03-12 21:31:44', '2020-03-12 21:31:44', 9),
(10, 1, 1, NULL, '2020-03-12 21:31:44', '2020-03-12 21:54:32', 10),
(11, 1, 1, NULL, '2020-03-12 21:31:44', '2020-03-12 21:31:44', 11),
(12, 1, 1, NULL, '2020-03-12 21:31:44', '2020-03-12 21:31:44', 12),
(13, 1, 2, NULL, '2020-03-12 21:33:14', '2020-03-12 21:33:14', 1),
(14, 1, 2, NULL, '2020-03-12 21:33:14', '2020-03-12 21:33:14', 2),
(15, 1, 2, NULL, '2020-03-12 21:33:14', '2020-03-12 21:33:14', 3),
(16, 1, 2, NULL, '2020-03-12 21:33:14', '2020-03-12 21:33:14', 4),
(17, 1, 2, NULL, '2020-03-12 21:33:14', '2020-03-12 21:33:14', 5),
(18, 1, 2, NULL, '2020-03-12 21:33:15', '2020-03-12 21:33:15', 6),
(19, 1, 2, NULL, '2020-03-12 21:33:15', '2020-03-12 21:33:15', 7),
(20, 1, 2, NULL, '2020-03-12 21:33:15', '2020-03-12 21:33:15', 8),
(21, 1, 2, NULL, '2020-03-12 21:33:15', '2020-03-12 21:33:15', 9),
(22, 1, 2, NULL, '2020-03-12 21:33:15', '2020-03-12 21:33:15', 10),
(23, 1, 2, NULL, '2020-03-12 21:33:15', '2020-03-12 21:33:15', 11),
(24, 1, 2, NULL, '2020-03-12 21:33:15', '2020-03-12 21:33:15', 12),
(25, 1, 2, NULL, '2020-03-12 21:33:15', '2020-03-12 21:33:15', 13),
(26, 1, 2, NULL, '2020-03-12 21:33:15', '2020-03-12 21:33:15', 14),
(27, 1, 2, NULL, '2020-03-12 21:33:15', '2020-03-12 21:33:15', 15),
(28, 1, 2, NULL, '2020-03-12 21:33:15', '2020-03-12 21:33:15', 16),
(29, 1, 2, NULL, '2020-03-12 21:33:15', '2020-03-12 21:33:15', 17),
(30, 1, 2, NULL, '2020-03-12 21:33:16', '2020-03-12 21:33:16', 18),
(31, 1, 2, NULL, '2020-03-12 21:33:16', '2020-03-12 21:33:16', 19),
(32, 1, 2, NULL, '2020-03-12 21:33:16', '2020-03-12 21:33:16', 20),
(33, 1, 2, NULL, '2020-03-12 21:33:16', '2020-03-12 21:33:16', 21),
(34, 1, 2, NULL, '2020-03-12 21:33:16', '2020-03-12 21:33:16', 22),
(35, 1, 2, NULL, '2020-03-12 21:33:16', '2020-03-12 21:33:16', 23),
(36, 1, 2, NULL, '2020-03-12 21:33:16', '2020-03-12 21:33:16', 24),
(37, 1, 3, NULL, '2020-03-13 19:16:46', '2020-03-13 19:16:46', 1),
(38, 1, 3, NULL, '2020-03-13 19:16:46', '2020-03-14 16:50:27', 2),
(39, 1, 3, NULL, '2020-03-13 19:16:46', '2020-03-14 17:08:13', 3),
(40, 1, 3, NULL, '2020-03-13 19:16:46', '2020-03-14 17:08:48', 4),
(41, 1, 3, NULL, '2020-03-13 19:16:47', '2020-03-13 19:16:47', 5),
(42, 1, 3, NULL, '2020-03-13 19:16:47', '2020-03-13 19:16:47', 6),
(43, 1, 3, NULL, '2020-03-13 19:16:47', '2020-03-13 19:16:47', 7),
(44, 1, 3, NULL, '2020-03-13 19:16:47', '2020-03-13 19:16:47', 8),
(45, 0, 3, 3, '2020-03-13 19:16:47', '2020-03-14 17:34:06', 9),
(46, 1, 3, NULL, '2020-03-13 19:16:48', '2020-03-13 19:16:48', 10),
(47, 1, 3, NULL, '2020-03-13 19:16:48', '2020-03-13 19:16:48', 11),
(48, 1, 3, NULL, '2020-03-13 19:16:48', '2020-03-13 19:16:48', 12),
(49, 1, 4, NULL, '2020-03-14 17:10:07', '2020-03-14 17:10:24', 1),
(50, 1, 4, NULL, '2020-03-14 17:10:07', '2020-03-14 17:10:07', 2),
(51, 1, 4, NULL, '2020-03-14 17:10:07', '2020-03-14 17:10:07', 3),
(52, 0, 4, 3, '2020-03-14 17:10:07', '2020-03-14 17:33:09', 4),
(53, 1, 4, NULL, '2020-03-14 17:10:07', '2020-03-14 17:10:07', 5),
(54, 1, 4, NULL, '2020-03-14 17:10:07', '2020-03-14 17:10:07', 6),
(55, 1, 4, NULL, '2020-03-14 17:10:08', '2020-03-14 17:10:08', 7),
(56, 1, 4, NULL, '2020-03-14 17:10:08', '2020-03-14 17:10:08', 8),
(57, 1, 4, NULL, '2020-03-14 17:10:08', '2020-03-14 17:10:08', 9),
(58, 1, 4, NULL, '2020-03-14 17:10:08', '2020-03-14 17:10:08', 10),
(59, 1, 4, NULL, '2020-03-14 17:10:08', '2020-03-14 17:10:08', 11),
(60, 1, 4, NULL, '2020-03-14 17:10:08', '2020-03-14 17:10:08', 12),
(61, 1, 4, NULL, '2020-03-14 17:10:08', '2020-03-14 17:10:08', 13),
(62, 1, 4, NULL, '2020-03-14 17:10:08', '2020-03-14 17:10:08', 14),
(63, 1, 4, NULL, '2020-03-14 17:10:08', '2020-03-14 17:10:08', 15),
(64, 1, 4, NULL, '2020-03-14 17:10:08', '2020-03-14 17:10:08', 16),
(65, 1, 4, NULL, '2020-03-14 17:10:08', '2020-03-14 17:10:08', 17),
(66, 1, 4, NULL, '2020-03-14 17:10:08', '2020-03-14 17:10:08', 18),
(67, 1, 4, NULL, '2020-03-14 17:10:08', '2020-03-14 17:10:08', 19),
(68, 1, 4, NULL, '2020-03-14 17:10:08', '2020-03-14 17:10:08', 20),
(69, 1, 4, NULL, '2020-03-14 17:10:09', '2020-03-14 17:10:09', 21),
(70, 1, 4, NULL, '2020-03-14 17:10:09', '2020-03-14 17:10:09', 22),
(71, 1, 4, NULL, '2020-03-14 17:10:09', '2020-03-14 17:10:09', 23),
(72, 1, 4, NULL, '2020-03-14 17:10:09', '2020-03-14 17:10:09', 24),
(73, 1, 5, NULL, '2020-03-14 17:22:43', '2020-03-14 17:22:43', 1),
(74, 0, 5, 6, '2020-03-14 17:22:43', '2020-03-16 20:32:03', 2),
(75, 1, 5, NULL, '2020-03-14 17:22:43', '2020-03-14 17:22:43', 3),
(76, 1, 5, NULL, '2020-03-14 17:22:43', '2020-03-14 17:22:43', 4),
(77, 1, 5, NULL, '2020-03-14 17:22:43', '2020-03-14 17:22:43', 5),
(78, 1, 5, NULL, '2020-03-14 17:22:43', '2020-03-14 17:22:43', 6),
(79, 1, 5, NULL, '2020-03-14 17:22:43', '2020-03-14 17:22:43', 7),
(80, 1, 5, NULL, '2020-03-14 17:22:43', '2020-03-14 17:22:43', 8),
(81, 0, 5, 3, '2020-03-14 17:22:43', '2020-03-14 17:34:00', 9),
(82, 1, 5, NULL, '2020-03-14 17:22:43', '2020-03-14 17:22:43', 10),
(83, 1, 5, NULL, '2020-03-14 17:22:43', '2020-03-14 17:22:43', 11),
(84, 1, 5, NULL, '2020-03-14 17:22:43', '2020-03-14 17:22:43', 12),
(85, 1, 6, NULL, '2020-03-14 17:34:45', '2020-03-14 17:34:45', 1),
(86, 0, 6, 3, '2020-03-14 17:34:45', '2020-03-14 17:35:11', 2),
(87, 0, 6, 10, '2020-03-14 17:34:45', '2020-03-24 22:44:05', 3),
(88, 1, 6, NULL, '2020-03-14 17:34:45', '2020-03-14 17:34:45', 4),
(89, 1, 6, NULL, '2020-03-14 17:34:45', '2020-03-14 17:34:45', 5),
(90, 1, 6, NULL, '2020-03-14 17:34:45', '2020-03-14 17:34:45', 6),
(91, 1, 6, NULL, '2020-03-14 17:34:46', '2020-03-14 17:34:46', 7),
(92, 1, 6, NULL, '2020-03-14 17:34:46', '2020-03-14 17:34:46', 8),
(93, 1, 6, NULL, '2020-03-14 17:34:46', '2020-03-14 17:34:46', 9),
(94, 1, 6, NULL, '2020-03-14 17:34:46', '2020-03-14 17:34:46', 10),
(95, 1, 6, NULL, '2020-03-14 17:34:46', '2020-03-14 17:34:46', 11),
(96, 1, 6, NULL, '2020-03-14 17:34:46', '2020-03-14 17:34:46', 12),
(97, 1, 6, NULL, '2020-03-14 17:34:46', '2020-03-14 17:34:46', 13),
(98, 1, 6, NULL, '2020-03-14 17:34:46', '2020-03-14 17:34:46', 14),
(99, 1, 6, NULL, '2020-03-14 17:34:46', '2020-03-14 17:34:46', 15),
(100, 1, 6, NULL, '2020-03-14 17:34:46', '2020-03-14 17:34:46', 16),
(101, 1, 6, NULL, '2020-03-14 17:34:46', '2020-03-14 17:34:46', 17),
(102, 1, 6, NULL, '2020-03-14 17:34:46', '2020-03-14 17:34:46', 18),
(103, 1, 6, NULL, '2020-03-14 17:34:46', '2020-03-14 17:34:46', 19),
(104, 1, 6, NULL, '2020-03-14 17:34:46', '2020-03-14 17:34:46', 20),
(105, 1, 6, NULL, '2020-03-14 17:34:46', '2020-03-14 17:34:46', 21),
(106, 1, 6, NULL, '2020-03-14 17:34:46', '2020-03-14 17:34:46', 22),
(107, 1, 6, NULL, '2020-03-14 17:34:47', '2020-03-14 17:34:47', 23),
(108, 1, 6, NULL, '2020-03-14 17:34:47', '2020-03-14 17:34:47', 24),
(109, 1, 7, NULL, '2020-03-14 17:35:31', '2020-03-14 17:35:31', 1),
(110, 1, 7, NULL, '2020-03-14 17:35:32', '2020-03-14 17:35:32', 2),
(111, 1, 7, NULL, '2020-03-14 17:35:32', '2020-03-14 17:35:32', 3),
(112, 1, 7, NULL, '2020-03-14 17:35:32', '2020-03-14 17:35:32', 4),
(113, 1, 7, NULL, '2020-03-14 17:35:32', '2020-03-14 17:35:32', 5),
(114, 1, 7, NULL, '2020-03-14 17:35:32', '2020-03-14 17:35:32', 6),
(115, 1, 7, NULL, '2020-03-14 17:35:32', '2020-03-14 17:35:32', 7),
(116, 1, 7, NULL, '2020-03-14 17:35:33', '2020-03-14 17:35:33', 8),
(117, 1, 7, NULL, '2020-03-14 17:35:33', '2020-03-14 17:35:33', 9),
(118, 1, 7, NULL, '2020-03-14 17:35:33', '2020-03-14 17:35:33', 10),
(119, 1, 7, NULL, '2020-03-14 17:35:33', '2020-03-14 17:35:33', 11),
(120, 1, 7, NULL, '2020-03-14 17:35:33', '2020-03-14 17:35:33', 12),
(121, 1, 7, NULL, '2020-03-14 17:35:33', '2020-03-14 17:35:33', 13),
(122, 1, 7, NULL, '2020-03-14 17:35:33', '2020-03-14 17:35:33', 14),
(123, 1, 7, NULL, '2020-03-14 17:35:34', '2020-03-14 17:35:34', 15),
(124, 1, 7, NULL, '2020-03-14 17:35:34', '2020-03-14 17:35:34', 16),
(125, 1, 7, NULL, '2020-03-14 17:35:34', '2020-03-14 17:35:34', 17),
(126, 1, 7, NULL, '2020-03-14 17:35:34', '2020-03-14 17:35:34', 18),
(127, 1, 7, NULL, '2020-03-14 17:35:34', '2020-03-14 17:35:34', 19),
(128, 1, 7, NULL, '2020-03-14 17:35:34', '2020-03-14 17:35:34', 20),
(129, 1, 7, NULL, '2020-03-14 17:35:34', '2020-03-14 17:35:34', 21),
(130, 1, 7, NULL, '2020-03-14 17:35:34', '2020-03-14 17:35:34', 22),
(131, 1, 7, NULL, '2020-03-14 17:35:34', '2020-03-14 17:35:34', 23),
(132, 1, 7, NULL, '2020-03-14 17:35:34', '2020-03-14 17:35:34', 24),
(133, 1, 8, NULL, '2020-03-24 22:48:54', '2020-03-24 22:48:54', 1),
(134, 1, 8, NULL, '2020-03-24 22:48:54', '2020-03-24 22:48:54', 2),
(135, 1, 8, NULL, '2020-03-24 22:48:54', '2020-03-24 22:48:54', 3),
(136, 1, 8, NULL, '2020-03-24 22:48:54', '2020-03-24 22:48:54', 4),
(137, 1, 8, NULL, '2020-03-24 22:48:54', '2020-03-24 22:48:54', 5),
(138, 1, 8, NULL, '2020-03-24 22:48:54', '2020-03-24 22:48:54', 6),
(139, 1, 8, NULL, '2020-03-24 22:48:54', '2020-03-24 22:48:54', 7),
(140, 1, 8, NULL, '2020-03-24 22:48:54', '2020-03-24 22:48:54', 8),
(141, 1, 8, NULL, '2020-03-24 22:48:54', '2020-03-24 22:48:54', 9),
(142, 1, 8, NULL, '2020-03-24 22:48:54', '2020-03-24 22:48:54', 10),
(143, 1, 8, NULL, '2020-03-24 22:48:54', '2020-03-24 22:48:54', 11),
(144, 1, 8, NULL, '2020-03-24 22:48:54', '2020-03-24 22:48:54', 12),
(145, 1, 8, NULL, '2020-03-24 22:48:54', '2020-03-24 22:48:54', 13),
(146, 1, 8, NULL, '2020-03-24 22:48:54', '2020-03-24 22:48:54', 14),
(147, 1, 8, NULL, '2020-03-24 22:48:54', '2020-03-24 22:48:54', 15),
(148, 0, 8, 10, '2020-03-24 22:48:55', '2020-03-24 22:51:21', 16),
(149, 1, 8, NULL, '2020-03-24 22:48:55', '2020-03-24 22:48:55', 17),
(150, 1, 8, NULL, '2020-03-24 22:48:55', '2020-03-24 22:48:55', 18),
(151, 1, 8, NULL, '2020-03-24 22:48:55', '2020-03-24 22:48:55', 19),
(152, 1, 8, NULL, '2020-03-24 22:48:55', '2020-03-24 22:48:55', 20),
(153, 1, 8, NULL, '2020-03-24 22:48:55', '2020-03-24 22:48:55', 21),
(154, 1, 8, NULL, '2020-03-24 22:48:55', '2020-03-24 22:48:55', 22),
(155, 1, 8, NULL, '2020-03-24 22:48:55', '2020-03-24 22:48:55', 23),
(156, 1, 8, NULL, '2020-03-24 22:48:55', '2020-03-24 22:48:55', 24),
(157, 1, 9, NULL, '2020-03-24 22:49:23', '2020-03-24 22:49:23', 1),
(158, 0, 9, 10, '2020-03-24 22:49:23', '2020-03-24 22:49:37', 2),
(159, 1, 9, NULL, '2020-03-24 22:49:23', '2020-03-24 22:49:23', 3),
(160, 1, 9, NULL, '2020-03-24 22:49:23', '2020-03-24 22:49:23', 4),
(161, 1, 9, NULL, '2020-03-24 22:49:23', '2020-03-24 22:49:23', 5),
(162, 1, 9, NULL, '2020-03-24 22:49:23', '2020-03-24 22:49:23', 6),
(163, 1, 9, NULL, '2020-03-24 22:49:23', '2020-03-24 22:49:23', 7),
(164, 1, 9, NULL, '2020-03-24 22:49:24', '2020-03-24 22:49:24', 8),
(165, 1, 9, NULL, '2020-03-24 22:49:24', '2020-03-24 22:49:24', 9),
(166, 1, 9, NULL, '2020-03-24 22:49:25', '2020-03-24 22:49:25', 10),
(167, 1, 9, NULL, '2020-03-24 22:49:25', '2020-03-24 22:49:25', 11),
(168, 1, 9, NULL, '2020-03-24 22:49:25', '2020-03-24 22:49:25', 12),
(169, 1, 9, NULL, '2020-03-24 22:49:25', '2020-03-24 22:49:25', 13),
(170, 1, 9, NULL, '2020-03-24 22:49:25', '2020-03-24 22:49:25', 14),
(171, 1, 9, NULL, '2020-03-24 22:49:25', '2020-03-24 22:49:25', 15),
(172, 1, 9, NULL, '2020-03-24 22:49:25', '2020-03-24 22:49:25', 16),
(173, 1, 9, NULL, '2020-03-24 22:49:25', '2020-03-24 22:49:25', 17),
(174, 1, 9, NULL, '2020-03-24 22:49:25', '2020-03-24 22:49:25', 18),
(175, 1, 9, NULL, '2020-03-24 22:49:25', '2020-03-24 22:49:25', 19),
(176, 1, 9, NULL, '2020-03-24 22:49:25', '2020-03-24 22:49:25', 20),
(177, 1, 9, NULL, '2020-03-24 22:49:26', '2020-03-24 22:49:26', 21),
(178, 1, 9, NULL, '2020-03-24 22:49:26', '2020-03-24 22:49:26', 22),
(179, 1, 9, NULL, '2020-03-24 22:49:26', '2020-03-24 22:49:26', 23),
(180, 1, 9, NULL, '2020-03-24 22:49:27', '2020-03-24 22:49:27', 24),
(181, 0, 10, 10, '2020-03-24 22:54:56', '2020-03-24 22:55:09', 1),
(182, 1, 10, NULL, '2020-03-24 22:54:56', '2020-03-24 22:54:56', 2),
(183, 1, 10, NULL, '2020-03-24 22:54:56', '2020-03-24 22:54:56', 3),
(184, 1, 10, NULL, '2020-03-24 22:54:56', '2020-03-24 22:54:56', 4),
(185, 1, 10, NULL, '2020-03-24 22:54:56', '2020-03-24 22:54:56', 5),
(186, 1, 10, NULL, '2020-03-24 22:54:56', '2020-03-24 22:54:56', 6),
(187, 1, 10, NULL, '2020-03-24 22:54:56', '2020-03-24 22:54:56', 7),
(188, 1, 10, NULL, '2020-03-24 22:54:56', '2020-03-24 22:54:56', 8),
(189, 1, 10, NULL, '2020-03-24 22:54:56', '2020-03-24 22:54:56', 9),
(190, 1, 10, NULL, '2020-03-24 22:54:56', '2020-03-24 22:54:56', 10),
(191, 1, 10, NULL, '2020-03-24 22:54:56', '2020-03-24 22:54:56', 11),
(192, 1, 10, NULL, '2020-03-24 22:54:56', '2020-03-24 22:54:56', 12),
(193, 1, 10, NULL, '2020-03-24 22:54:56', '2020-03-24 22:54:56', 13),
(194, 1, 10, NULL, '2020-03-24 22:54:56', '2020-03-24 22:54:56', 14),
(195, 1, 10, NULL, '2020-03-24 22:54:56', '2020-03-24 22:54:56', 15),
(196, 1, 10, NULL, '2020-03-24 22:54:56', '2020-03-24 22:54:56', 16),
(197, 1, 10, NULL, '2020-03-24 22:54:56', '2020-03-24 22:54:56', 17),
(198, 1, 10, NULL, '2020-03-24 22:54:57', '2020-03-24 22:54:57', 18),
(199, 1, 10, NULL, '2020-03-24 22:54:57', '2020-03-24 22:54:57', 19),
(200, 1, 10, NULL, '2020-03-24 22:54:57', '2020-03-24 22:54:57', 20),
(201, 1, 10, NULL, '2020-03-24 22:54:57', '2020-03-24 22:54:57', 21),
(202, 1, 10, NULL, '2020-03-24 22:54:57', '2020-03-24 22:54:57', 22),
(203, 1, 10, NULL, '2020-03-24 22:54:57', '2020-03-24 22:54:57', 23),
(204, 1, 10, NULL, '2020-03-24 22:54:57', '2020-03-24 22:54:57', 24),
(205, 1, 11, NULL, '2020-03-24 22:55:26', '2020-03-24 22:55:26', 1),
(206, 1, 11, NULL, '2020-03-24 22:55:26', '2020-03-24 22:55:26', 2),
(207, 1, 11, NULL, '2020-03-24 22:55:26', '2020-03-24 22:55:26', 3),
(208, 1, 11, NULL, '2020-03-24 22:55:26', '2020-03-24 22:55:26', 4),
(209, 1, 11, NULL, '2020-03-24 22:55:26', '2020-03-24 22:55:26', 5),
(210, 1, 11, NULL, '2020-03-24 22:55:26', '2020-03-24 22:55:26', 6),
(211, 1, 11, NULL, '2020-03-24 22:55:26', '2020-03-24 22:55:26', 7),
(212, 1, 11, NULL, '2020-03-24 22:55:26', '2020-03-24 22:55:26', 8),
(213, 1, 11, NULL, '2020-03-24 22:55:26', '2020-03-24 22:55:26', 9),
(214, 1, 11, NULL, '2020-03-24 22:55:26', '2020-03-24 22:55:26', 10),
(215, 1, 11, NULL, '2020-03-24 22:55:26', '2020-03-24 22:55:26', 11),
(216, 1, 11, NULL, '2020-03-24 22:55:27', '2020-03-24 22:55:27', 12),
(217, 1, 11, NULL, '2020-03-24 22:55:27', '2020-03-24 22:55:27', 13),
(218, 1, 11, NULL, '2020-03-24 22:55:27', '2020-03-24 22:55:27', 14),
(219, 1, 11, NULL, '2020-03-24 22:55:27', '2020-03-24 22:55:27', 15),
(220, 1, 11, NULL, '2020-03-24 22:55:27', '2020-03-24 22:55:27', 16),
(221, 1, 11, NULL, '2020-03-24 22:55:27', '2020-03-24 22:55:27', 17),
(222, 1, 11, NULL, '2020-03-24 22:55:27', '2020-03-24 22:55:27', 18),
(223, 1, 11, NULL, '2020-03-24 22:55:27', '2020-03-24 22:55:27', 19),
(224, 1, 11, NULL, '2020-03-24 22:55:27', '2020-03-24 22:55:27', 20),
(225, 1, 11, NULL, '2020-03-24 22:55:27', '2020-03-24 22:55:27', 21),
(226, 1, 11, NULL, '2020-03-24 22:55:27', '2020-03-24 22:55:27', 22),
(227, 1, 11, NULL, '2020-03-24 22:55:27', '2020-03-24 22:55:27', 23),
(228, 1, 11, NULL, '2020-03-24 22:55:27', '2020-03-24 22:55:27', 24),
(229, 0, 12, 3, '2020-04-01 19:41:22', '2020-04-01 20:11:42', 1),
(230, 1, 12, NULL, '2020-04-01 19:41:22', '2020-04-01 19:41:22', 2),
(231, 1, 12, NULL, '2020-04-01 19:41:22', '2020-04-01 19:41:22', 3),
(232, 1, 12, NULL, '2020-04-01 19:41:22', '2020-04-01 19:41:22', 4),
(233, 1, 12, NULL, '2020-04-01 19:41:22', '2020-04-01 19:41:22', 5),
(234, 1, 12, NULL, '2020-04-01 19:41:22', '2020-04-01 19:41:22', 6),
(235, 1, 12, NULL, '2020-04-01 19:41:22', '2020-04-01 19:41:22', 7),
(236, 1, 12, NULL, '2020-04-01 19:41:22', '2020-04-01 19:41:22', 8),
(237, 1, 12, NULL, '2020-04-01 19:41:22', '2020-04-01 19:41:22', 9),
(238, 1, 12, NULL, '2020-04-01 19:41:22', '2020-04-01 19:41:22', 10),
(239, 1, 12, NULL, '2020-04-01 19:41:22', '2020-04-01 19:41:22', 11),
(240, 1, 12, NULL, '2020-04-01 19:41:23', '2020-04-01 19:41:23', 12),
(241, 1, 13, NULL, '2020-04-01 20:16:38', '2020-04-01 20:16:38', 1),
(242, 0, 13, 3, '2020-04-01 20:16:38', '2020-04-01 20:16:48', 2),
(243, 1, 13, NULL, '2020-04-01 20:16:38', '2020-04-01 20:16:38', 3),
(244, 1, 13, NULL, '2020-04-01 20:16:39', '2020-04-01 20:16:39', 4),
(245, 1, 13, NULL, '2020-04-01 20:16:39', '2020-04-01 20:16:39', 5),
(246, 1, 13, NULL, '2020-04-01 20:16:39', '2020-04-01 20:16:39', 6),
(247, 1, 13, NULL, '2020-04-01 20:16:39', '2020-04-01 20:16:39', 7),
(248, 1, 13, NULL, '2020-04-01 20:16:39', '2020-04-01 20:16:39', 8),
(249, 1, 13, NULL, '2020-04-01 20:16:39', '2020-04-01 20:16:39', 9),
(250, 1, 13, NULL, '2020-04-01 20:16:39', '2020-04-01 20:16:39', 10),
(251, 1, 13, NULL, '2020-04-01 20:16:39', '2020-04-01 20:16:39', 11),
(252, 1, 13, NULL, '2020-04-01 20:16:40', '2020-04-01 20:16:40', 12),
(253, 1, 14, NULL, '2020-04-03 20:35:46', '2020-04-03 20:35:46', 1),
(254, 1, 14, NULL, '2020-04-03 20:35:47', '2020-04-03 20:35:47', 2),
(255, 1, 14, NULL, '2020-04-03 20:35:47', '2020-04-03 20:35:47', 3),
(256, 1, 14, NULL, '2020-04-03 20:35:47', '2020-04-03 20:35:47', 4),
(257, 1, 14, NULL, '2020-04-03 20:35:47', '2020-04-03 20:35:47', 5),
(258, 1, 14, NULL, '2020-04-03 20:35:48', '2020-04-03 20:35:48', 6),
(259, 1, 14, NULL, '2020-04-03 20:35:48', '2020-04-03 20:35:48', 7),
(260, 1, 14, NULL, '2020-04-03 20:35:48', '2020-04-03 20:35:48', 8),
(261, 1, 14, NULL, '2020-04-03 20:35:48', '2020-04-03 20:35:48', 9),
(262, 1, 14, NULL, '2020-04-03 20:35:48', '2020-04-03 20:35:48', 10),
(263, 1, 14, NULL, '2020-04-03 20:35:48', '2020-04-03 20:35:48', 11),
(264, 1, 14, NULL, '2020-04-03 20:35:49', '2020-04-03 20:35:49', 12),
(265, 1, 15, NULL, '2020-04-03 20:36:05', '2020-04-03 20:36:05', 1),
(266, 0, 15, 6, '2020-04-03 20:36:05', '2020-04-03 20:36:14', 2),
(267, 0, 15, 3, '2020-04-03 20:36:05', '2020-04-04 01:29:09', 3),
(268, 1, 15, NULL, '2020-04-03 20:36:05', '2020-04-03 20:36:05', 4),
(269, 1, 15, NULL, '2020-04-03 20:36:05', '2020-04-03 20:36:05', 5),
(270, 1, 15, NULL, '2020-04-03 20:36:05', '2020-04-03 20:36:05', 6),
(271, 1, 15, NULL, '2020-04-03 20:36:05', '2020-04-03 20:36:05', 7),
(272, 1, 15, NULL, '2020-04-03 20:36:05', '2020-04-03 20:36:05', 8),
(273, 1, 15, NULL, '2020-04-03 20:36:05', '2020-04-03 20:36:05', 9),
(274, 1, 15, NULL, '2020-04-03 20:36:06', '2020-04-03 20:36:06', 10),
(275, 1, 15, NULL, '2020-04-03 20:36:06', '2020-04-03 20:36:06', 11),
(276, 1, 15, NULL, '2020-04-03 20:36:06', '2020-04-03 20:36:06', 12),
(277, 1, 16, NULL, '2020-04-13 18:05:15', '2020-04-13 18:05:15', 1),
(278, 1, 16, NULL, '2020-04-13 18:05:15', '2020-04-13 18:05:15', 2),
(279, 1, 16, NULL, '2020-04-13 18:05:15', '2020-04-13 18:05:15', 3),
(280, 1, 16, NULL, '2020-04-13 18:05:15', '2020-04-13 18:05:15', 4),
(281, 1, 16, NULL, '2020-04-13 18:05:15', '2020-04-13 18:05:15', 5),
(282, 1, 16, NULL, '2020-04-13 18:05:16', '2020-04-13 18:05:16', 6),
(283, 1, 16, NULL, '2020-04-13 18:05:16', '2020-04-13 18:05:16', 7),
(284, 1, 16, NULL, '2020-04-13 18:05:16', '2020-04-13 18:05:16', 8),
(285, 1, 16, NULL, '2020-04-13 18:05:16', '2020-04-13 18:05:16', 9),
(286, 1, 16, NULL, '2020-04-13 18:05:16', '2020-04-13 18:05:16', 10),
(287, 1, 16, NULL, '2020-04-13 18:05:16', '2020-04-13 18:05:16', 11),
(288, 1, 16, NULL, '2020-04-13 18:05:16', '2020-04-13 18:05:16', 12);

-- --------------------------------------------------------

--
-- Estructura de tabla para la tabla `machines`
--

CREATE TABLE `machines` (
  `id` bigint(20) UNSIGNED NOT NULL,
  `description` varchar(255) COLLATE utf8mb4_unicode_ci DEFAULT NULL,
  `is_in_use` tinyint(1) DEFAULT NULL,
  `user_id` bigint(20) UNSIGNED DEFAULT NULL,
  `area_id` bigint(20) UNSIGNED DEFAULT NULL,
  `created_at` timestamp NULL DEFAULT NULL,
  `updated_at` timestamp NULL DEFAULT NULL
) ENGINE=InnoDB DEFAULT CHARSET=utf8mb4 COLLATE=utf8mb4_unicode_ci;

-- --------------------------------------------------------

--
-- Estructura de tabla para la tabla `migrations`
--

CREATE TABLE `migrations` (
  `id` int(10) UNSIGNED NOT NULL,
  `migration` varchar(255) COLLATE utf8mb4_unicode_ci NOT NULL,
  `batch` int(11) NOT NULL
) ENGINE=InnoDB DEFAULT CHARSET=utf8mb4 COLLATE=utf8mb4_unicode_ci;

--
-- Volcado de datos para la tabla `migrations`
--

INSERT INTO `migrations` (`id`, `migration`, `batch`) VALUES
(1, '2014_10_12_000000_create_users_table', 1),
(2, '2014_10_12_100000_create_password_resets_table', 1),
(3, '2019_08_19_000000_create_failed_jobs_table', 1),
(4, '2020_02_21_194933_create_user_tipe_table', 1),
(5, '2020_02_21_195035_add_user__type_id_to_users_table', 1),
(6, '2020_02_21_195954_add_is_active_to_users_table', 1),
(7, '2020_02_21_214431_create_profile_table', 1),
(8, '2020_02_22_145809_add_speciality_to_profile_table', 1),
(9, '2020_02_22_162022_create_area_table', 1),
(10, '2020_02_22_162041_create_machines_table', 1),
(11, '2020_02_26_151813_create_lessons_table', 1),
(12, '2020_02_26_160830_add_type_area_to_area_table', 1),
(13, '2020_02_26_183247_create_lesson_cupe_table', 1),
(14, '2020_02_26_184527_add_date_to_lessons_table', 1),
(15, '2020_02_27_145826_add_number_to_lesson_coupe_table', 1),
(16, '2020_03_10_134659_add_photo_to_profile_table', 1),
(17, '2020_03_11_161323_create_plans_table', 1),
(18, '2020_03_12_160843_create_suscription_table', 1),
(19, '2020_03_12_170737_add_price_to_plans_table', 2),
(20, '2020_03_13_144058_create_sessions_table', 3),
(21, '2020_03_14_124939_add_month_to_lesssons_table', 4),
(22, '2020_03_23_131903_add_billing_month_to_suscription_table', 5),
(23, '2020_03_23_145748_add_is_active_to_suscription_table', 6),
(24, '2020_03_24_182739_create_facturing_table', 7),
(25, '2020_04_03_153347_add_item_to_suscription_table', 8),
(26, '2020_04_05_135100_add_qr_code_to_users_table', 9);

-- --------------------------------------------------------

--
-- Estructura de tabla para la tabla `password_resets`
--

CREATE TABLE `password_resets` (
  `email` varchar(255) COLLATE utf8mb4_unicode_ci NOT NULL,
  `token` varchar(255) COLLATE utf8mb4_unicode_ci NOT NULL,
  `created_at` timestamp NULL DEFAULT NULL
) ENGINE=InnoDB DEFAULT CHARSET=utf8mb4 COLLATE=utf8mb4_unicode_ci;

-- --------------------------------------------------------

--
-- Estructura de tabla para la tabla `plans`
--

CREATE TABLE `plans` (
  `id` bigint(20) UNSIGNED NOT NULL,
  `name` varchar(255) COLLATE utf8mb4_unicode_ci DEFAULT NULL,
  `number_class` int(11) DEFAULT NULL,
  `description` varchar(255) COLLATE utf8mb4_unicode_ci DEFAULT NULL,
  `created_at` timestamp NULL DEFAULT NULL,
  `updated_at` timestamp NULL DEFAULT NULL,
  `price` varchar(255) COLLATE utf8mb4_unicode_ci DEFAULT NULL
) ENGINE=InnoDB DEFAULT CHARSET=utf8mb4 COLLATE=utf8mb4_unicode_ci;

--
-- Volcado de datos para la tabla `plans`
--

INSERT INTO `plans` (`id`, `name`, `number_class`, `description`, `created_at`, `updated_at`, `price`) VALUES
(1, 'Hyper 1', 1, 'hyper 1 plan', '2020-03-13 05:11:07', '2020-03-13 05:11:07', '2000'),
(2, 'plan 4', 4, 'hyper plan 4', '2020-03-13 05:12:03', '2020-03-13 05:12:03', '75000'),
(3, 'hyper 8', 8, 'plan hyper 8', '2020-03-13 05:12:23', '2020-03-13 05:18:37', '140555'),
(4, 'plan infinito', 888888888, 'plan infinito', '2020-03-13 05:12:53', '2020-03-13 05:12:53', '200000');

-- --------------------------------------------------------

--
-- Estructura de tabla para la tabla `profile`
--

CREATE TABLE `profile` (
  `id` bigint(20) UNSIGNED NOT NULL,
  `name` varchar(255) COLLATE utf8mb4_unicode_ci DEFAULT NULL,
  `last_name` varchar(255) COLLATE utf8mb4_unicode_ci DEFAULT NULL,
  `phone` varchar(255) COLLATE utf8mb4_unicode_ci DEFAULT NULL,
  `address` varchar(255) COLLATE utf8mb4_unicode_ci DEFAULT NULL,
  `edad` varchar(255) COLLATE utf8mb4_unicode_ci DEFAULT NULL,
  `gender` varchar(255) COLLATE utf8mb4_unicode_ci DEFAULT NULL,
  `user_id` bigint(20) UNSIGNED NOT NULL,
  `created_at` timestamp NULL DEFAULT NULL,
  `updated_at` timestamp NULL DEFAULT NULL,
  `speciality` varchar(255) COLLATE utf8mb4_unicode_ci DEFAULT NULL,
  `profile_photo` varchar(255) COLLATE utf8mb4_unicode_ci DEFAULT NULL
) ENGINE=InnoDB DEFAULT CHARSET=utf8mb4 COLLATE=utf8mb4_unicode_ci;

--
-- Volcado de datos para la tabla `profile`
--

INSERT INTO `profile` (`id`, `name`, `last_name`, `phone`, `address`, `edad`, `gender`, `user_id`, `created_at`, `updated_at`, `speciality`, `profile_photo`) VALUES
(1, 'maalhequi', '952', '0412368', 'aaaa', '24', 'Masculino', 3, '2020-03-12 21:26:25', '2020-03-12 21:26:25', NULL, NULL),
(2, 'maalhequi', '953', '123456789', 'aadd', '24', 'Masculino', 4, '2020-03-12 21:27:32', '2020-03-12 21:27:32', 'Hyper', '20200312_165732-27292786_845072158986869_1907860822_n.jpg'),
(3, 'olasanmi', '954', '987654321', 'lilalo', '24', 'Masculino', 5, '2020-03-12 21:28:49', '2020-03-12 21:28:49', NULL, NULL),
(4, 'juan', 'agudelo', '04122996115', 'aaaaa', '28', 'Masculino', 6, '2020-03-16 20:27:47', '2020-03-16 20:27:47', NULL, NULL),
(5, 'aaaa', 'aaaa', '123', 'adasd', '26', 'Masculino', 7, '2020-03-19 21:16:46', '2020-03-19 21:16:46', NULL, NULL),
(6, 'pikikollo', 'cjc10', '04122996115', 'asdasd', '26', 'Femenino', 10, '2020-03-24 23:42:11', '2020-03-24 23:42:11', NULL, NULL),
(7, 'olasanmi2', 'olasanm3', '0123456789', 'Cabure municipio petid', '12', 'Masculino', 11, '2020-03-24 23:53:46', '2020-03-24 23:53:46', 'Aerobica', '20200324_192346-27292786_845072158986869_1907860822_n.jpg');

-- --------------------------------------------------------

--
-- Estructura de tabla para la tabla `sessions`
--

CREATE TABLE `sessions` (
  `id` varchar(255) COLLATE utf8mb4_unicode_ci NOT NULL,
  `user_id` bigint(20) UNSIGNED DEFAULT NULL,
  `ip_address` varchar(45) COLLATE utf8mb4_unicode_ci DEFAULT NULL,
  `user_agent` text COLLATE utf8mb4_unicode_ci DEFAULT NULL,
  `payload` text COLLATE utf8mb4_unicode_ci NOT NULL,
  `last_activity` int(11) NOT NULL
) ENGINE=InnoDB DEFAULT CHARSET=utf8mb4 COLLATE=utf8mb4_unicode_ci;

-- --------------------------------------------------------

--
-- Estructura de tabla para la tabla `suscription`
--

CREATE TABLE `suscription` (
  `id` bigint(20) UNSIGNED NOT NULL,
  `hushki_id` varchar(255) COLLATE utf8mb4_unicode_ci DEFAULT NULL,
  `user_id` bigint(20) UNSIGNED DEFAULT NULL,
  `plan_id` bigint(20) UNSIGNED DEFAULT NULL,
  `start` date DEFAULT NULL,
  `end` date DEFAULT NULL,
  `created_at` timestamp NULL DEFAULT NULL,
  `updated_at` timestamp NULL DEFAULT NULL,
  `auto_billing` tinyint(1) DEFAULT NULL,
  `is_active` tinyint(1) DEFAULT 1,
  `type_payment` varchar(255) COLLATE utf8mb4_unicode_ci DEFAULT NULL,
  `method_payment` varchar(255) COLLATE utf8mb4_unicode_ci DEFAULT NULL,
  `voucher` varchar(255) COLLATE utf8mb4_unicode_ci DEFAULT NULL
) ENGINE=InnoDB DEFAULT CHARSET=utf8mb4 COLLATE=utf8mb4_unicode_ci;

-- --------------------------------------------------------

--
-- Estructura de tabla para la tabla `users`
--

CREATE TABLE `users` (
  `id` bigint(20) UNSIGNED NOT NULL,
  `name` varchar(255) COLLATE utf8mb4_unicode_ci NOT NULL,
  `email` varchar(255) COLLATE utf8mb4_unicode_ci NOT NULL,
  `email_verified_at` timestamp NULL DEFAULT NULL,
  `password` varchar(255) COLLATE utf8mb4_unicode_ci NOT NULL,
  `remember_token` varchar(100) COLLATE utf8mb4_unicode_ci DEFAULT NULL,
  `created_at` timestamp NULL DEFAULT NULL,
  `updated_at` timestamp NULL DEFAULT NULL,
  `user_type_id` bigint(20) UNSIGNED DEFAULT NULL,
  `is_active` tinyint(1) DEFAULT 1,
  `qr_code` varchar(255) COLLATE utf8mb4_unicode_ci DEFAULT NULL
) ENGINE=InnoDB DEFAULT CHARSET=utf8mb4 COLLATE=utf8mb4_unicode_ci;

--
-- Volcado de datos para la tabla `users`
--

INSERT INTO `users` (`id`, `name`, `email`, `email_verified_at`, `password`, `remember_token`, `created_at`, `updated_at`, `user_type_id`, `is_active`, `qr_code`) VALUES
(2, 'olasanmi', 'maalhequi95@gmail.com', NULL, '$2y$10$AcdBrxi2qI95iEfctXfG6e18695GFza7urD1MMM6jnWcf3TYhl0ui', NULL, '2020-03-12 21:24:02', '2020-03-12 21:24:02', 1, 1, NULL),
(3, 'maalhequi952', 'maalhequi952@gmail.com', NULL, '$2y$10$4MZgAdVwYgqCGryDYXogSe8K5za7vaipoTY4aM9XYKG7f1jxkmYNu', NULL, '2020-03-12 21:26:25', '2020-03-12 21:26:25', 4, 1, NULL),
(4, 'maalhequi953', 'maalhequi953@gmail.com', NULL, '$2y$10$7zRs1ESIVPLXRKnSAk.05udhzPCF41EXd3ZOfhye/JOLWAZXksBlG', NULL, '2020-03-12 21:27:32', '2020-03-12 21:27:32', 2, 1, NULL),
(5, 'olasanmi954', 'maalhequi954@gmail.com', NULL, '$2y$10$jkyeC82BNbOrYaMTOpQUOezTpYVwFVIS1Y0Q4q0RuKHGvHNx6.heu', NULL, '2020-03-12 21:28:49', '2020-03-12 21:28:49', 3, 1, NULL),
(6, 'juansito agudelo', 'juansitoagudelo@gmail.com', NULL, '$2y$10$VN.e0iGpIoec6zQwB8SqQukC06xlOIL36qo6ZGj0pFrADyYZEH4lW', NULL, '2020-03-16 20:25:14', '2020-03-16 20:25:14', 4, 1, NULL),
(7, 'testeti', 'testeti@gmail.com', NULL, '$2y$10$OH50CNGVOIXr..R03v1Fgun101910VSp7ULh4x8Vg8o3ZfF1fR1mG', NULL, '2020-03-19 21:14:00', '2020-03-19 21:14:00', 4, 1, NULL),
(8, 'juan agudelo', 'juan@netizenone.com', NULL, '$2y$10$NxSE.6trfpXHv/LIsizWouOju0Jo/hzglYzwYRgMQZy8281pjucba', NULL, '2020-03-19 21:20:04', '2020-03-19 21:20:04', 4, 1, NULL),
(9, 'testeolol', 'testeolol@gmail.com', NULL, '$2y$10$UIxiWuPgPLqHozWlVsh3NuZ71JBxdpcnphVOKKEItEiicxDpmALyO', NULL, '2020-03-19 21:22:03', '2020-03-19 21:22:03', 4, 1, NULL),
(10, 'lilaloliaoa@gmail.com', 'lilalolilaoa@gmail.com', NULL, '$2y$10$5pzLQP3JpM2lDiTrvwEEsOwp7BGmj8YEYfIRDkrTDkUzel3alE2M2', NULL, '2020-03-23 17:51:38', '2020-03-23 17:51:38', 4, 1, NULL),
(11, 'olasanmi', 'maalhequi957@gmail.com', NULL, '$2y$10$UHCLIddoadXulZS/rJd86eYGK2oRbtNlUsvA.axllIVyTjhroeHIe', NULL, '2020-03-24 23:53:46', '2020-03-24 23:53:46', 2, 1, NULL),
(12, 'testetoqr', 'testeoqr@gmail.com', NULL, '$2y$10$MmYaegKxymxLMiA5klUWMO9Ff3YKe50fkfBjDu2x93PRta0KzFO/e', NULL, '2020-04-05 18:29:50', '2020-04-05 18:29:50', 4, 1, 'testetoqrtesteoqr@gmail.com'),
(13, 'QrTest', 'qrtest@gmaol.com', NULL, '$2y$10$orX9eGT3P4kD4q5sZkZIY.nHNjLKC350fvZoePSU0PMqZTDOa9X4m', NULL, '2020-04-05 18:47:41', '2020-04-05 18:47:41', 4, 1, 'QrTestqrtest@gmaol.com');

-- --------------------------------------------------------

--
-- Estructura de tabla para la tabla `user_type`
--

CREATE TABLE `user_type` (
  `id` bigint(20) UNSIGNED NOT NULL,
  `name` varchar(255) COLLATE utf8mb4_unicode_ci DEFAULT NULL,
  `created_at` timestamp NULL DEFAULT NULL,
  `updated_at` timestamp NULL DEFAULT NULL
) ENGINE=InnoDB DEFAULT CHARSET=utf8mb4 COLLATE=utf8mb4_unicode_ci;

--
-- Volcado de datos para la tabla `user_type`
--

INSERT INTO `user_type` (`id`, `name`, `created_at`, `updated_at`) VALUES
(1, 'admin', NULL, NULL),
(2, 'entrenador', NULL, NULL),
(3, 'secretaria', NULL, NULL),
(4, 'cliente', NULL, NULL);

--
-- Índices para tablas volcadas
--

--
-- Indices de la tabla `area`
--
ALTER TABLE `area`
  ADD PRIMARY KEY (`id`);

--
-- Indices de la tabla `facturing`
--
ALTER TABLE `facturing`
  ADD PRIMARY KEY (`id`),
  ADD KEY `facturing_user_id_foreign` (`user_id`);

--
-- Indices de la tabla `failed_jobs`
--
ALTER TABLE `failed_jobs`
  ADD PRIMARY KEY (`id`);

--
-- Indices de la tabla `lessons`
--
ALTER TABLE `lessons`
  ADD PRIMARY KEY (`id`),
  ADD KEY `lessons_user_id_foreign` (`user_id`),
  ADD KEY `lessons_area_id_foreign` (`area_id`);

--
-- Indices de la tabla `lesson_cupe`
--
ALTER TABLE `lesson_cupe`
  ADD PRIMARY KEY (`id`),
  ADD KEY `lesson_cupe_user_id_foreign` (`user_id`),
  ADD KEY `lesson_cupe_lesson_id_foreign` (`lesson_id`);

--
-- Indices de la tabla `machines`
--
ALTER TABLE `machines`
  ADD PRIMARY KEY (`id`),
  ADD KEY `machines_user_id_foreign` (`user_id`),
  ADD KEY `machines_area_id_foreign` (`area_id`);

--
-- Indices de la tabla `migrations`
--
ALTER TABLE `migrations`
  ADD PRIMARY KEY (`id`);

--
-- Indices de la tabla `password_resets`
--
ALTER TABLE `password_resets`
  ADD KEY `password_resets_email_index` (`email`);

--
-- Indices de la tabla `plans`
--
ALTER TABLE `plans`
  ADD PRIMARY KEY (`id`);

--
-- Indices de la tabla `profile`
--
ALTER TABLE `profile`
  ADD PRIMARY KEY (`id`),
  ADD KEY `profile_user_id_foreign` (`user_id`);

--
-- Indices de la tabla `sessions`
--
ALTER TABLE `sessions`
  ADD UNIQUE KEY `sessions_id_unique` (`id`);

--
-- Indices de la tabla `suscription`
--
ALTER TABLE `suscription`
  ADD PRIMARY KEY (`id`),
  ADD KEY `suscription_user_id_foreign` (`user_id`),
  ADD KEY `suscription_plan_id_foreign` (`plan_id`);

--
-- Indices de la tabla `users`
--
ALTER TABLE `users`
  ADD PRIMARY KEY (`id`),
  ADD UNIQUE KEY `users_email_unique` (`email`),
  ADD KEY `users_user_type_id_foreign` (`user_type_id`);

--
-- Indices de la tabla `user_type`
--
ALTER TABLE `user_type`
  ADD PRIMARY KEY (`id`);

--
-- AUTO_INCREMENT de las tablas volcadas
--

--
-- AUTO_INCREMENT de la tabla `area`
--
ALTER TABLE `area`
  MODIFY `id` bigint(20) UNSIGNED NOT NULL AUTO_INCREMENT, AUTO_INCREMENT=3;

--
-- AUTO_INCREMENT de la tabla `facturing`
--
ALTER TABLE `facturing`
  MODIFY `id` bigint(20) UNSIGNED NOT NULL AUTO_INCREMENT, AUTO_INCREMENT=20;

--
-- AUTO_INCREMENT de la tabla `failed_jobs`
--
ALTER TABLE `failed_jobs`
  MODIFY `id` bigint(20) UNSIGNED NOT NULL AUTO_INCREMENT;

--
-- AUTO_INCREMENT de la tabla `lessons`
--
ALTER TABLE `lessons`
  MODIFY `id` bigint(20) UNSIGNED NOT NULL AUTO_INCREMENT, AUTO_INCREMENT=17;

--
-- AUTO_INCREMENT de la tabla `lesson_cupe`
--
ALTER TABLE `lesson_cupe`
  MODIFY `id` bigint(20) UNSIGNED NOT NULL AUTO_INCREMENT, AUTO_INCREMENT=289;

--
-- AUTO_INCREMENT de la tabla `machines`
--
ALTER TABLE `machines`
  MODIFY `id` bigint(20) UNSIGNED NOT NULL AUTO_INCREMENT;

--
-- AUTO_INCREMENT de la tabla `migrations`
--
ALTER TABLE `migrations`
  MODIFY `id` int(10) UNSIGNED NOT NULL AUTO_INCREMENT, AUTO_INCREMENT=27;

--
-- AUTO_INCREMENT de la tabla `plans`
--
ALTER TABLE `plans`
  MODIFY `id` bigint(20) UNSIGNED NOT NULL AUTO_INCREMENT, AUTO_INCREMENT=6;

--
-- AUTO_INCREMENT de la tabla `profile`
--
ALTER TABLE `profile`
  MODIFY `id` bigint(20) UNSIGNED NOT NULL AUTO_INCREMENT, AUTO_INCREMENT=8;

--
-- AUTO_INCREMENT de la tabla `suscription`
--
ALTER TABLE `suscription`
  MODIFY `id` bigint(20) UNSIGNED NOT NULL AUTO_INCREMENT, AUTO_INCREMENT=35;

--
-- AUTO_INCREMENT de la tabla `users`
--
ALTER TABLE `users`
  MODIFY `id` bigint(20) UNSIGNED NOT NULL AUTO_INCREMENT, AUTO_INCREMENT=14;

--
-- AUTO_INCREMENT de la tabla `user_type`
--
ALTER TABLE `user_type`
  MODIFY `id` bigint(20) UNSIGNED NOT NULL AUTO_INCREMENT, AUTO_INCREMENT=5;

--
-- Restricciones para tablas volcadas
--

--
-- Filtros para la tabla `facturing`
--
ALTER TABLE `facturing`
  ADD CONSTRAINT `facturing_user_id_foreign` FOREIGN KEY (`user_id`) REFERENCES `users` (`id`);

--
-- Filtros para la tabla `lessons`
--
ALTER TABLE `lessons`
  ADD CONSTRAINT `lessons_area_id_foreign` FOREIGN KEY (`area_id`) REFERENCES `area` (`id`),
  ADD CONSTRAINT `lessons_user_id_foreign` FOREIGN KEY (`user_id`) REFERENCES `users` (`id`);

--
-- Filtros para la tabla `lesson_cupe`
--
ALTER TABLE `lesson_cupe`
  ADD CONSTRAINT `lesson_cupe_lesson_id_foreign` FOREIGN KEY (`lesson_id`) REFERENCES `lessons` (`id`),
  ADD CONSTRAINT `lesson_cupe_user_id_foreign` FOREIGN KEY (`user_id`) REFERENCES `users` (`id`);

--
-- Filtros para la tabla `machines`
--
ALTER TABLE `machines`
  ADD CONSTRAINT `machines_area_id_foreign` FOREIGN KEY (`area_id`) REFERENCES `area` (`id`),
  ADD CONSTRAINT `machines_user_id_foreign` FOREIGN KEY (`user_id`) REFERENCES `users` (`id`);

--
-- Filtros para la tabla `profile`
--
ALTER TABLE `profile`
  ADD CONSTRAINT `profile_user_id_foreign` FOREIGN KEY (`user_id`) REFERENCES `users` (`id`);

--
-- Filtros para la tabla `suscription`
--
ALTER TABLE `suscription`
  ADD CONSTRAINT `suscription_plan_id_foreign` FOREIGN KEY (`plan_id`) REFERENCES `plans` (`id`),
  ADD CONSTRAINT `suscription_user_id_foreign` FOREIGN KEY (`user_id`) REFERENCES `users` (`id`);

--
-- Filtros para la tabla `users`
--
ALTER TABLE `users`
  ADD CONSTRAINT `users_user_type_id_foreign` FOREIGN KEY (`user_type_id`) REFERENCES `user_type` (`id`);
COMMIT;

/*!40101 SET CHARACTER_SET_CLIENT=@OLD_CHARACTER_SET_CLIENT */;
/*!40101 SET CHARACTER_SET_RESULTS=@OLD_CHARACTER_SET_RESULTS */;
/*!40101 SET COLLATION_CONNECTION=@OLD_COLLATION_CONNECTION */;
